[
    {
        "name":"XXXXXXX1",
        "text":"Lorem ipsum dolor sit amet, consectetuer adipiscing elit, sed diam nonummy nibh euismod tincidunt ut l"
    },
    {
        "name":"XXXXXXX2",
        "text":"Lorem ipsum dolor sit amet, consectetuer adipiscing elit, sed diam nonummy nibh euismod tincidunt ut l"
    },
    {
        "name":"XXXXXXX3",
        "text":"Lorem ipsum dolor sit amet, consectetuer adipiscing elit, sed diam nonummy nibh euismod tincidunt ut l"
    },
    {
        "name":"XXXXXXX4",
        "text":"Lorem ipsum dolor sit amet, consectetuer adipiscing elit, sed diam nonummy nibh euismod tincidunt ut l"
    },
    {
        "name":"XXXXXXX5",
        "text":"Lorem ipsum dolor sit amet, consectetuer adipiscing elit, sed diam nonummy nibh euismod tincidunt ut l"
    },
    {
        "name":"XXXXXXX6",
        "text":"Lorem ipsum dolor sit amet, consectetuer adipiscing elit, sed diam nonummy nibh euismod tincidunt ut l"
    },
    {
        "name":"XXXXXXX7",
        "text":"Lorem ipsum dolor sit amet, consectetuer adipiscing elit, sed diam nonummy nibh euismod tincidunt ut l"
    },
    {
        "name":"XXXXXXX8",
        "text":"Lorem ipsum dolor sit amet, consectetuer adipiscing elit, sed diam nonummy nibh euismod tincidunt ut l"
    },
    {
        "name":"XXXXXXX9",
        "text":"Lorem ipsum dolor sit amet, consectetuer adipiscing elit, sed diam nonummy nibh euismod tincidunt ut l"
    }
    
    
    
    
]